Plate,Well,Sample_type,Condition,Concentration,Timepoint,Biological_rep,Technical_rep,Notes,Cq,Run_ID,Run_folder,Outlier_flag,log10_quantity,Relative_quantity,Included
24h_Bio1,A1,Negative control,Negative Ctrl,0 nM,24h,Bio1,1,,18.0571228433687,24h_Bio1,/Users/conrad/Desktop/Bioinformatics/FYP/lab_plan/qPCR/result/conrad_24_AIcpd_1_biodup1,,6.325096734168138,2113959.8479712857,True
24h_Bio1,A2,Negative control,Negative Ctrl,0 nM,24h,Bio1,2,,17.4483426643077,24h_Bio1,/Users/conrad/Desktop/Bioinformatics/FYP/lab_plan/qPCR/result/conrad_24_AIcpd_1_biodup1,,6.48758094636582,3073130.0999959162,True
24h_Bio1,A3,Negative control,Negative Ctrl,0 nM,24h,Bio1,3,,17.6907539929254,24h_Bio1,/Users/conrad/Desktop/Bioinformatics/FYP/lab_plan/qPCR/result/conrad_24_AIcpd_1_biodup1,,6.422881051209913,2647774.840999772,True
24h_Bio1,A4,Treatment,Treat 100 uM,100 uM,24h,Bio1,1,,25.2515423668713,24h_Bio1,/Users/conrad/Desktop/Bioinformatics/FYP/lab_plan/qPCR/result/conrad_24_AIcpd_1_biodup1,,4.404896917053509,25403.69658812106,True
24h_Bio1,A5,Treatment,Treat 100 uM,100 uM,24h,Bio1,2,,25.1917731915059,24h_Bio1,/Users/conrad/Desktop/Bioinformatics/FYP/lab_plan/qPCR/result/conrad_24_AIcpd_1_biodup1,,4.420849386774076,26354.172652278117,True
24h_Bio1,A6,Treatment,Treat 100 uM,100 uM,24h,Bio1,3,,26.2765807815087,24h_Bio1,/Users/conrad/Desktop/Bioinformatics/FYP/lab_plan/qPCR/result/conrad_24_AIcpd_1_biodup1,,4.131312846804024,13530.468881898,True
24h_Bio1,A7,DMSO control,DMSO 100 uM,100 uM,24h,Bio1,1,,15.844906587887,24h_Bio1,/Users/conrad/Desktop/Bioinformatics/FYP/lab_plan/qPCR/result/conrad_24_AIcpd_1_biodup1,,6.915540095903857,8232658.407981011,True
24h_Bio1,A8,DMSO control,DMSO 100 uM,100 uM,24h,Bio1,2,,15.4686885913532,24h_Bio1,/Users/conrad/Desktop/Bioinformatics/FYP/lab_plan/qPCR/result/conrad_24_AIcpd_1_biodup1,,7.015953162695343,10374165.276494784,True
24h_Bio1,A9,DMSO control,DMSO 100 uM,100 uM,24h,Bio1,3,,15.6231568113396,24h_Bio1,/Users/conrad/Desktop/Bioinformatics/FYP/lab_plan/qPCR/result/conrad_24_AIcpd_1_biodup1,,6.974725396257906,9434641.367046108,True
24h_Bio1,B1,Treatment,Treat 50 uM,50 uM,24h,Bio1,1,,20.0931760331205,24h_Bio1,/Users/conrad/Desktop/Bioinformatics/FYP/lab_plan/qPCR/result/conrad_24_AIcpd_1_biodup1,,5.781671521081083,604883.1978864407,True
24h_Bio1,B2,Treatment,Treat 50 uM,50 uM,24h,Bio1,2,,20.0444693229882,24h_Bio1,/Users/conrad/Desktop/Bioinformatics/FYP/lab_plan/qPCR/result/conrad_24_AIcpd_1_biodup1,,5.794671404613419,623263.084445864,True
24h_Bio1,B3,Treatment,Treat 50 uM,50 uM,24h,Bio1,3,,19.8946431060373,24h_Bio1,/Users/conrad/Desktop/Bioinformatics/FYP/lab_plan/qPCR/result/conrad_24_AIcpd_1_biodup1,,5.834660214474765,683376.7742746022,True
24h_Bio1,B4,DMSO control,DMSO 50 uM,50 uM,24h,Bio1,1,,14.4886871355189,24h_Bio1,/Users/conrad/Desktop/Bioinformatics/FYP/lab_plan/qPCR/result/conrad_24_AIcpd_1_biodup1,,7.277516810758632,18945968.49375236,True
24h_Bio1,B5,DMSO control,DMSO 50 uM,50 uM,24h,Bio1,2,,35.835899190224,24h_Bio1,/Users/conrad/Desktop/Bioinformatics/FYP/lab_plan/qPCR/result/conrad_24_AIcpd_1_biodup1,Excluded (>1.5 Cq from triplicate median),1.5799184778502495,38.01180370253844,False
24h_Bio1,B6,DMSO control,DMSO 50 uM,50 uM,24h,Bio1,3,,15.3976216954311,24h_Bio1,/Users/conrad/Desktop/Bioinformatics/FYP/lab_plan/qPCR/result/conrad_24_AIcpd_1_biodup1,,7.034921008552362,10837297.824122423,True
24h_Bio1,B7,Treatment,Treat 25 uM,25 uM,24h,Bio1,1,,16.8211390329226,24h_Bio1,/Users/conrad/Desktop/Bioinformatics/FYP/lab_plan/qPCR/result/conrad_24_AIcpd_1_biodup1,,6.654982401666686,4518376.347929678,True
24h_Bio1,B8,Treatment,Treat 25 uM,25 uM,24h,Bio1,2,,16.9250583012241,24h_Bio1,/Users/conrad/Desktop/Bioinformatics/FYP/lab_plan/qPCR/result/conrad_24_AIcpd_1_biodup1,,6.627246215399627,4238832.108597431,True
24h_Bio1,B9,Treatment,Treat 25 uM,25 uM,24h,Bio1,3,,17.0618975716695,24h_Bio1,/Users/conrad/Desktop/Bioinformatics/FYP/lab_plan/qPCR/result/conrad_24_AIcpd_1_biodup1,,6.590723638251467,3896939.274147469,True
24h_Bio1,C1,DMSO control,DMSO 25 uM,25 uM,24h,Bio1,1,,16.4701970649438,24h_Bio1,/Users/conrad/Desktop/Bioinformatics/FYP/lab_plan/qPCR/result/conrad_24_AIcpd_1_biodup1,,6.748649263952006,5605950.568271667,True
24h_Bio1,C2,DMSO control,DMSO 25 uM,25 uM,24h,Bio1,2,,15.9774464504544,24h_Bio1,/Users/conrad/Desktop/Bioinformatics/FYP/lab_plan/qPCR/result/conrad_24_AIcpd_1_biodup1,,6.880165036243948,7588658.968688886,True
24h_Bio1,C3,DMSO control,DMSO 25 uM,25 uM,24h,Bio1,3,,16.0152626895743,24h_Bio1,/Users/conrad/Desktop/Bioinformatics/FYP/lab_plan/qPCR/result/conrad_24_AIcpd_1_biodup1,,6.870071833421291,7414328.660572673,True
24h_Bio1,C4,Treatment,Treat 12.5 uM,12.5 uM,24h,Bio1,1,,15.4849074871534,24h_Bio1,/Users/conrad/Desktop/Bioinformatics/FYP/lab_plan/qPCR/result/conrad_24_AIcpd_1_biodup1,,7.011624318561691,10271274.08988058,True
24h_Bio1,C5,Treatment,Treat 12.5 uM,12.5 uM,24h,Bio1,2,,16.0076433745199,24h_Bio1,/Users/conrad/Desktop/Bioinformatics/FYP/lab_plan/qPCR/result/conrad_24_AIcpd_1_biodup1,,6.872105438401679,7449128.025488477,True
24h_Bio1,C6,Treatment,Treat 12.5 uM,12.5 uM,24h,Bio1,3,,16.1006963987407,24h_Bio1,/Users/conrad/Desktop/Bioinformatics/FYP/lab_plan/qPCR/result/conrad_24_AIcpd_1_biodup1,,6.847269466645094,7035086.904452153,True
24h_Bio1,C7,DMSO control,DMSO 12.5 uM,12.5 uM,24h,Bio1,1,,16.1919275539558,24h_Bio1,/Users/conrad/Desktop/Bioinformatics/FYP/lab_plan/qPCR/result/conrad_24_AIcpd_1_biodup1,,6.8229197540676,6651502.429823717,True
24h_Bio1,C8,DMSO control,DMSO 12.5 uM,12.5 uM,24h,Bio1,2,,15.99114894291,24h_Bio1,/Users/conrad/Desktop/Bioinformatics/FYP/lab_plan/qPCR/result/conrad_24_AIcpd_1_biodup1,,6.876507823397059,7525022.856558406,True
24h_Bio1,C9,DMSO control,DMSO 12.5 uM,12.5 uM,24h,Bio1,3,,16.5171809535877,24h_Bio1,/Users/conrad/Desktop/Bioinformatics/FYP/lab_plan/qPCR/result/conrad_24_AIcpd_1_biodup1,,6.7361092036891,5446395.856780093,True
24h_Bio1,D1,Treatment,Treat 6.25 uM,6.25 uM,24h,Bio1,1,,16.5409011195997,24h_Bio1,/Users/conrad/Desktop/Bioinformatics/FYP/lab_plan/qPCR/result/conrad_24_AIcpd_1_biodup1,,6.729778260895262,5367576.72336657,True
24h_Bio1,D2,Treatment,Treat 6.25 uM,6.25 uM,24h,Bio1,2,,16.5903197259733,24h_Bio1,/Users/conrad/Desktop/Bioinformatics/FYP/lab_plan/qPCR/result/conrad_24_AIcpd_1_biodup1,,6.716588371341192,5207009.515709286,True
24h_Bio1,D3,Treatment,Treat 6.25 uM,6.25 uM,24h,Bio1,3,,17.3057091341063,24h_Bio1,/Users/conrad/Desktop/Bioinformatics/FYP/lab_plan/qPCR/result/conrad_24_AIcpd_1_biodup1,,6.5256500188896585,3354671.6528368737,True
24h_Bio1,D4,DMSO control,DMSO 6.25 uM,6.25 uM,24h,Bio1,1,,15.7247796944196,24h_Bio1,/Users/conrad/Desktop/Bioinformatics/FYP/lab_plan/qPCR/result/conrad_24_AIcpd_1_biodup1,,6.9476021181577865,8863436.102266107,True
24h_Bio1,D5,DMSO control,DMSO 6.25 uM,6.25 uM,24h,Bio1,2,,16.0264246266404,24h_Bio1,/Users/conrad/Desktop/Bioinformatics/FYP/lab_plan/qPCR/result/conrad_24_AIcpd_1_biodup1,,6.867092698072991,7363642.541382209,True
24h_Bio1,D6,DMSO control,DMSO 6.25 uM,6.25 uM,24h,Bio1,3,,16.2488783768644,24h_Bio1,/Users/conrad/Desktop/Bioinformatics/FYP/lab_plan/qPCR/result/conrad_24_AIcpd_1_biodup1,,6.807719506239909,6422727.645607451,True
24h_Bio1,D7,Treatment,Treat 3.125 uM,3.125 uM,24h,Bio1,1,,16.3957638581583,24h_Bio1,/Users/conrad/Desktop/Bioinformatics/FYP/lab_plan/qPCR/result/conrad_24_AIcpd_1_biodup1,,6.76851558250486,5868344.248856736,True
24h_Bio1,D8,Treatment,Treat 3.125 uM,3.125 uM,24h,Bio1,2,,16.3363331440091,24h_Bio1,/Users/conrad/Desktop/Bioinformatics/FYP/lab_plan/qPCR/result/conrad_24_AIcpd_1_biodup1,,6.784377716491832,6086641.411751848,True
24h_Bio1,D9,Treatment,Treat 3.125 uM,3.125 uM,24h,Bio1,3,,16.2930369369482,24h_Bio1,/Users/conrad/Desktop/Bioinformatics/FYP/lab_plan/qPCR/result/conrad_24_AIcpd_1_biodup1,,6.7959335298008146,6250770.153604387,True
24h_Bio1,E1,DMSO control,DMSO 3.125 uM,3.125 uM,24h,Bio1,1,,16.457071712277,24h_Bio1,/Users/conrad/Desktop/Bioinformatics/FYP/lab_plan/qPCR/result/conrad_24_AIcpd_1_biodup1,,6.752152437447522,5651353.026047277,True
24h_Bio1,E2,DMSO control,DMSO 3.125 uM,3.125 uM,24h,Bio1,2,,16.6991400347981,24h_Bio1,/Users/conrad/Desktop/Bioinformatics/FYP/lab_plan/qPCR/result/conrad_24_AIcpd_1_biodup1,,6.687544091059632,4870169.66282485,True
24h_Bio1,E3,DMSO control,DMSO 3.125 uM,3.125 uM,24h,Bio1,3,,16.3438081315545,24h_Bio1,/Users/conrad/Desktop/Bioinformatics/FYP/lab_plan/qPCR/result/conrad_24_AIcpd_1_biodup1,,6.782382632709086,6058744.419384453,True
24h_Bio1,E4,Treatment,Treat 1.5625 uM,1.5625 uM,24h,Bio1,1,,16.0864140392791,24h_Bio1,/Users/conrad/Desktop/Bioinformatics/FYP/lab_plan/qPCR/result/conrad_24_AIcpd_1_biodup1,,6.85108144674113,7097108.532746244,True
24h_Bio1,E5,Treatment,Treat 1.5625 uM,1.5625 uM,24h,Bio1,2,,16.5433308639966,24h_Bio1,/Users/conrad/Desktop/Bioinformatics/FYP/lab_plan/qPCR/result/conrad_24_AIcpd_1_biodup1,,6.729129758993014,5359567.673580791,True
24h_Bio1,E6,Treatment,Treat 1.5625 uM,1.5625 uM,24h,Bio1,3,,16.3615367648621,24h_Bio1,/Users/conrad/Desktop/Bioinformatics/FYP/lab_plan/qPCR/result/conrad_24_AIcpd_1_biodup1,,6.777650837694389,5993090.524669313,True
24h_Bio1,E7,DMSO control,DMSO 1.5625 uM,1.5625 uM,24h,Bio1,1,,15.8780273230832,24h_Bio1,/Users/conrad/Desktop/Bioinformatics/FYP/lab_plan/qPCR/result/conrad_24_AIcpd_1_biodup1,,6.906700129113112,8066778.444152345,True
24h_Bio1,E8,DMSO control,DMSO 1.5625 uM,1.5625 uM,24h,Bio1,2,,16.3056909366227,24h_Bio1,/Users/conrad/Desktop/Bioinformatics/FYP/lab_plan/qPCR/result/conrad_24_AIcpd_1_biodup1,,6.792556161024729,6202348.444708827,True
24h_Bio1,E9,DMSO control,DMSO 1.5625 uM,1.5625 uM,24h,Bio1,3,,15.7162233336719,24h_Bio1,/Users/conrad/Desktop/Bioinformatics/FYP/lab_plan/qPCR/result/conrad_24_AIcpd_1_biodup1,,6.949885821838012,8910166.546634002,True
24h_Bio1,F1,Treatment,Treat 0.78125 uM,0.78125 uM,24h,Bio1,1,,16.7372002212956,24h_Bio1,/Users/conrad/Desktop/Bioinformatics/FYP/lab_plan/qPCR/result/conrad_24_AIcpd_1_biodup1,,6.677385778368372,4757576.47880219,True
24h_Bio1,F2,Treatment,Treat 0.78125 uM,0.78125 uM,24h,Bio1,2,,16.3666759379571,24h_Bio1,/Users/conrad/Desktop/Bioinformatics/FYP/lab_plan/qPCR/result/conrad_24_AIcpd_1_biodup1,,6.776279185790451,5974192.135345409,True
24h_Bio1,F3,Treatment,Treat 0.78125 uM,0.78125 uM,24h,Bio1,3,,16.433149682378,24h_Bio1,/Users/conrad/Desktop/Bioinformatics/FYP/lab_plan/qPCR/result/conrad_24_AIcpd_1_biodup1,,6.758537257972237,5735050.652352267,True
24h_Bio1,F4,DMSO control,DMSO 0.78125 uM,0.78125 uM,24h,Bio1,1,,16.4346588418524,24h_Bio1,/Users/conrad/Desktop/Bioinformatics/FYP/lab_plan/qPCR/result/conrad_24_AIcpd_1_biodup1,,6.758134461368943,5729734.011016385,True
24h_Bio1,F5,DMSO control,DMSO 0.78125 uM,0.78125 uM,24h,Bio1,2,,16.2788835549711,24h_Bio1,/Users/conrad/Desktop/Bioinformatics/FYP/lab_plan/qPCR/result/conrad_24_AIcpd_1_biodup1,,6.799711085640477,6305377.39757995,True
24h_Bio1,F6,DMSO control,DMSO 0.78125 uM,0.78125 uM,24h,Bio1,3,,16.7069874850234,24h_Bio1,/Users/conrad/Desktop/Bioinformatics/FYP/lab_plan/qPCR/result/conrad_24_AIcpd_1_biodup1,,6.68544959650893,4846738.589227827,True
24h_Bio1,F7,Treatment,Treat 156 nM,156 nM,24h,Bio1,1,,16.1981991553441,24h_Bio1,/Users/conrad/Desktop/Bioinformatics/FYP/lab_plan/qPCR/result/conrad_24_AIcpd_1_biodup1,,6.82124585559678,6625914.928686635,True
24h_Bio1,F8,Treatment,Treat 156 nM,156 nM,24h,Bio1,2,,15.858587426378,24h_Bio1,/Users/conrad/Desktop/Bioinformatics/FYP/lab_plan/qPCR/result/conrad_24_AIcpd_1_biodup1,,6.91188866252795,8163730.558643629,True
24h_Bio1,F9,Treatment,Treat 156 nM,156 nM,24h,Bio1,3,,16.0209053074781,24h_Bio1,/Users/conrad/Desktop/Bioinformatics/FYP/lab_plan/qPCR/result/conrad_24_AIcpd_1_biodup1,,6.868565811450856,7388662.196862101,True
24h_Bio1,G1,DMSO control,DMSO 156 nM,156 nM,24h,Bio1,1,,17.9010075664115,24h_Bio1,/Users/conrad/Desktop/Bioinformatics/FYP/lab_plan/qPCR/result/conrad_24_AIcpd_1_biodup1,,6.366764102227885,2326827.0407859758,True
24h_Bio1,G2,DMSO control,DMSO 156 nM,156 nM,24h,Bio1,2,,17.2769098801627,24h_Bio1,/Users/conrad/Desktop/Bioinformatics/FYP/lab_plan/qPCR/result/conrad_24_AIcpd_1_biodup1,,6.533336576780101,3414574.3748457623,True
24h_Bio1,G3,DMSO control,DMSO 156 nM,156 nM,24h,Bio1,3,,17.697377838003,24h_Bio1,/Users/conrad/Desktop/Bioinformatics/FYP/lab_plan/qPCR/result/conrad_24_AIcpd_1_biodup1,,6.4211131384457145,2637018.268349875,True
24h_Bio1,G4,Treatment,Treat 31.25 nM,31.25 nM,24h,Bio1,1,,17.0890887673866,24h_Bio1,/Users/conrad/Desktop/Bioinformatics/FYP/lab_plan/qPCR/result/conrad_24_AIcpd_1_biodup1,,6.583466273168359,3832359.7756000473,True
24h_Bio1,G5,Treatment,Treat 31.25 nM,31.25 nM,24h,Bio1,2,,16.8107294008853,24h_Bio1,/Users/conrad/Desktop/Bioinformatics/FYP/lab_plan/qPCR/result/conrad_24_AIcpd_1_biodup1,,6.657760745835935,4547374.74860605,True
24h_Bio1,G6,Treatment,Treat 31.25 nM,31.25 nM,24h,Bio1,3,,16.6867112755386,24h_Bio1,/Users/conrad/Desktop/Bioinformatics/FYP/lab_plan/qPCR/result/conrad_24_AIcpd_1_biodup1,,6.690861342879475,4907511.691012039,True
24h_Bio1,G7,DMSO control,DMSO 31.25 nM,31.25 nM,24h,Bio1,1,,17.8021944106405,24h_Bio1,/Users/conrad/Desktop/Bioinformatics/FYP/lab_plan/qPCR/result/conrad_24_AIcpd_1_biodup1,,6.39313746049816,2472506.6053565326,True
24h_Bio1,G8,DMSO control,DMSO 31.25 nM,31.25 nM,24h,Bio1,2,,17.8913963677136,24h_Bio1,/Users/conrad/Desktop/Bioinformatics/FYP/lab_plan/qPCR/result/conrad_24_AIcpd_1_biodup1,,6.369329343512699,2340611.548593569,True
24h_Bio1,G9,DMSO control,DMSO 31.25 nM,31.25 nM,24h,Bio1,3,,18.468685318659,24h_Bio1,/Users/conrad/Desktop/Bioinformatics/FYP/lab_plan/qPCR/result/conrad_24_AIcpd_1_biodup1,,6.215250180571702,1641535.1269807084,True
24h_Bio1,A11,ZIKV standard,ZIKV standard 10^-7,10^-7,24h,Bio1,Std dup 1,Columns 11-12 reserved for standards,15.1801679434302,24h_Bio1,/Users/conrad/Desktop/Bioinformatics/FYP/lab_plan/qPCR/result/conrad_24_AIcpd_1_biodup1,,7.0929596944336835,12386816.22875112,True
24h_Bio1,A12,ZIKV standard,ZIKV standard 10^-7,10^-7,24h,Bio1,Std dup 2,Columns 11-12 reserved for standards,14.9195784078943,24h_Bio1,/Users/conrad/Desktop/Bioinformatics/FYP/lab_plan/qPCR/result/conrad_24_AIcpd_1_biodup1,,7.162511376378749,14538224.681049041,True
24h_Bio1,B11,ZIKV standard,ZIKV standard 10^-6,10^-6,24h,Bio1,Std dup 1,Columns 11-12 reserved for standards,19.4682906427342,24h_Bio1,/Users/conrad/Desktop/Bioinformatics/FYP/lab_plan/qPCR/result/conrad_24_AIcpd_1_biodup1,,5.948454234879959,888084.3867578065,True
24h_Bio1,B12,ZIKV standard,ZIKV standard 10^-6,10^-6,24h,Bio1,Std dup 2,Columns 11-12 reserved for standards,19.7474156350093,24h_Bio1,/Users/conrad/Desktop/Bioinformatics/FYP/lab_plan/qPCR/result/conrad_24_AIcpd_1_biodup1,,5.8739554157093705,748092.6980286929,True
24h_Bio1,C11,ZIKV standard,ZIKV standard 10^-5,10^-5,24h,Bio1,Std dup 1,Columns 11-12 reserved for standards,22.9908919787797,24h_Bio1,/Users/conrad/Desktop/Bioinformatics/FYP/lab_plan/qPCR/result/conrad_24_AIcpd_1_biodup1,,5.008267411030518,101921.87652354783,True
24h_Bio1,C12,ZIKV standard,ZIKV standard 10^-5,10^-5,24h,Bio1,Std dup 2,Columns 11-12 reserved for standards,23.2995985809438,24h_Bio1,/Users/conrad/Desktop/Bioinformatics/FYP/lab_plan/qPCR/result/conrad_24_AIcpd_1_biodup1,,4.925873222162172,84308.86101436678,True
24h_Bio1,D11,ZIKV standard,ZIKV standard 10^-4,10^-4,24h,Bio1,Std dup 1,Columns 11-12 reserved for standards,26.3726180216393,24h_Bio1,/Users/conrad/Desktop/Bioinformatics/FYP/lab_plan/qPCR/result/conrad_24_AIcpd_1_biodup1,,4.105680383985787,12754.997680985984,True
24h_Bio1,D12,ZIKV standard,ZIKV standard 10^-4,10^-4,24h,Bio1,Std dup 2,Columns 11-12 reserved for standards,,24h_Bio1,/Users/conrad/Desktop/Bioinformatics/FYP/lab_plan/qPCR/result/conrad_24_AIcpd_1_biodup1,,,,True
24h_Bio1,E11,ZIKV standard,ZIKV standard 10^-3,10^-3,24h,Bio1,Std dup 1,Columns 11-12 reserved for standards,30.0398198233621,24h_Bio1,/Users/conrad/Desktop/Bioinformatics/FYP/lab_plan/qPCR/result/conrad_24_AIcpd_1_biodup1,,3.1268995100060772,1339.36673983537,True
24h_Bio1,E12,ZIKV standard,ZIKV standard 10^-3,10^-3,24h,Bio1,Std dup 2,Columns 11-12 reserved for standards,33.1667273740152,24h_Bio1,/Users/conrad/Desktop/Bioinformatics/FYP/lab_plan/qPCR/result/conrad_24_AIcpd_1_biodup1,,2.29232386602483,196.0305985747788,True
24h_Bio1,F11,ZIKV standard,ZIKV standard 10^-2,10^-2,24h,Bio1,Std dup 1,Columns 11-12 reserved for standards,33.3857454857229,24h_Bio1,/Users/conrad/Desktop/Bioinformatics/FYP/lab_plan/qPCR/result/conrad_24_AIcpd_1_biodup1,,2.2338676505272437,171.3435065586297,True
24h_Bio1,F12,ZIKV standard,ZIKV standard 10^-2,10^-2,24h,Bio1,Std dup 2,Columns 11-12 reserved for standards,33.403206681768,24h_Bio1,/Users/conrad/Desktop/Bioinformatics/FYP/lab_plan/qPCR/result/conrad_24_AIcpd_1_biodup1,,2.22920723486162,169.51464905458081,True
24h_Bio2,A1,Negative control,Negative Ctrl,0 nM,24h,Bio2,1,,16.8079406017666,24h_Bio2,/Users/conrad/Desktop/Bioinformatics/FYP/lab_plan/qPCR/result/conrad_24_AIcpd_1_biodup2,,6.296480589720733,1979158.5631048707,True
24h_Bio2,A2,Negative control,Negative Ctrl,0 nM,24h,Bio2,2,,17.3554027088555,24h_Bio2,/Users/conrad/Desktop/Bioinformatics/FYP/lab_plan/qPCR/result/conrad_24_AIcpd_1_biodup2,,6.158205200059745,1439478.557686718,True
24h_Bio2,A3,Negative control,Negative Ctrl,0 nM,24h,Bio2,3,,17.1535219319989,24h_Bio2,/Users/conrad/Desktop/Bioinformatics/FYP/lab_plan/qPCR/result/conrad_24_AIcpd_1_biodup2,,6.209195291836775,1618807.8131381548,True
24h_Bio2,A4,Treatment,Treat 100 uM,100 uM,24h,Bio2,1,,24.3453708394485,24h_Bio2,/Users/conrad/Desktop/Bioinformatics/FYP/lab_plan/qPCR/result/conrad_24_AIcpd_1_biodup2,,4.392712110291101,24700.86205380244,True
24h_Bio2,A5,Treatment,Treat 100 uM,100 uM,24h,Bio2,2,,25.2680531495479,24h_Bio2,/Users/conrad/Desktop/Bioinformatics/FYP/lab_plan/qPCR/result/conrad_24_AIcpd_1_biodup2,,4.15966537644368,14443.264894870275,True
24h_Bio2,A6,Treatment,Treat 100 uM,100 uM,24h,Bio2,3,,24.9607689706103,24h_Bio2,/Users/conrad/Desktop/Bioinformatics/FYP/lab_plan/qPCR/result/conrad_24_AIcpd_1_biodup2,,4.237277760988778,17269.420362680827,True
24h_Bio2,A7,DMSO control,DMSO 100 uM,100 uM,24h,Bio2,1,,14.7064799174535,24h_Bio2,/Users/conrad/Desktop/Bioinformatics/FYP/lab_plan/qPCR/result/conrad_24_AIcpd_1_biodup2,,6.8272575900245265,6718272.109142577,True
24h_Bio2,A8,DMSO control,DMSO 100 uM,100 uM,24h,Bio2,2,,15.1945006548975,24h_Bio2,/Users/conrad/Desktop/Bioinformatics/FYP/lab_plan/qPCR/result/conrad_24_AIcpd_1_biodup2,,6.7039956203668645,5058195.610511733,True
24h_Bio2,A9,DMSO control,DMSO 100 uM,100 uM,24h,Bio2,3,,15.8910591106228,24h_Bio2,/Users/conrad/Desktop/Bioinformatics/FYP/lab_plan/qPCR/result/conrad_24_AIcpd_1_biodup2,,6.528062180152652,3373356.032577205,True
24h_Bio2,B1,Treatment,Treat 50 uM,50 uM,24h,Bio2,1,,30.0502300741132,24h_Bio2,/Users/conrad/Desktop/Bioinformatics/FYP/lab_plan/qPCR/result/conrad_24_AIcpd_1_biodup2,Excluded (>1.5 Cq from triplicate median),2.9518057472389274,894.9643732039331,False
24h_Bio2,B2,Treatment,Treat 50 uM,50 uM,24h,Bio2,2,,19.076731276448,24h_Bio2,/Users/conrad/Desktop/Bioinformatics/FYP/lab_plan/qPCR/result/conrad_24_AIcpd_1_biodup2,,5.72344017187526,528981.1200956475,True
24h_Bio2,B3,Treatment,Treat 50 uM,50 uM,24h,Bio2,3,,19.4856358567308,24h_Bio2,/Users/conrad/Desktop/Bioinformatics/FYP/lab_plan/qPCR/result/conrad_24_AIcpd_1_biodup2,,5.620160986995374,417023.9398654115,True
24h_Bio2,B4,DMSO control,DMSO 50 uM,50 uM,24h,Bio2,1,,14.7959765787535,24h_Bio2,/Users/conrad/Desktop/Bioinformatics/FYP/lab_plan/qPCR/result/conrad_24_AIcpd_1_biodup2,,6.804652946608347,6377536.40836039,True
24h_Bio2,B5,DMSO control,DMSO 50 uM,50 uM,24h,Bio2,2,,15.6245997791649,24h_Bio2,/Users/conrad/Desktop/Bioinformatics/FYP/lab_plan/qPCR/result/conrad_24_AIcpd_1_biodup2,,6.595363217811801,3938793.547695163,True
24h_Bio2,B6,DMSO control,DMSO 50 uM,50 uM,24h,Bio2,3,,14.9405727202081,24h_Bio2,/Users/conrad/Desktop/Bioinformatics/FYP/lab_plan/qPCR/result/conrad_24_AIcpd_1_biodup2,,6.768131537100339,5863157.182123396,True
24h_Bio2,B7,Treatment,Treat 25 uM,25 uM,24h,Bio2,1,,16.1199129980574,24h_Bio2,/Users/conrad/Desktop/Bioinformatics/FYP/lab_plan/qPCR/result/conrad_24_AIcpd_1_biodup2,,6.470259347681339,2952972.1269132895,True
24h_Bio2,B8,Treatment,Treat 25 uM,25 uM,24h,Bio2,2,,15.7566114117,24h_Bio2,/Users/conrad/Desktop/Bioinformatics/FYP/lab_plan/qPCR/result/conrad_24_AIcpd_1_biodup2,,6.5620203440453615,3647710.3382161544,True
24h_Bio2,B9,Treatment,Treat 25 uM,25 uM,24h,Bio2,3,,15.4963602328025,24h_Bio2,/Users/conrad/Desktop/Bioinformatics/FYP/lab_plan/qPCR/result/conrad_24_AIcpd_1_biodup2,,6.627753355893685,4243784.82873886,True
24h_Bio2,C1,DMSO control,DMSO 25 uM,25 uM,24h,Bio2,1,,15.7839937743648,24h_Bio2,/Users/conrad/Desktop/Bioinformatics/FYP/lab_plan/qPCR/result/conrad_24_AIcpd_1_biodup2,,6.555104236394647,3590080.90974683,True
24h_Bio2,C2,DMSO control,DMSO 25 uM,25 uM,24h,Bio2,2,,15.2639258867309,24h_Bio2,/Users/conrad/Desktop/Bioinformatics/FYP/lab_plan/qPCR/result/conrad_24_AIcpd_1_biodup2,,6.686460523672931,4858033.705689446,True
24h_Bio2,C3,DMSO control,DMSO 25 uM,25 uM,24h,Bio2,3,,15.2745216383007,24h_Bio2,/Users/conrad/Desktop/Bioinformatics/FYP/lab_plan/qPCR/result/conrad_24_AIcpd_1_biodup2,,6.683784298856469,4828189.406807007,True
24h_Bio2,C4,Treatment,Treat 12.5 uM,12.5 uM,24h,Bio2,1,,15.044488032218,24h_Bio2,/Users/conrad/Desktop/Bioinformatics/FYP/lab_plan/qPCR/result/conrad_24_AIcpd_1_biodup2,,6.741885099084167,5519313.959497905,True
24h_Bio2,C5,Treatment,Treat 12.5 uM,12.5 uM,24h,Bio2,2,,15.4460383122711,24h_Bio2,/Users/conrad/Desktop/Bioinformatics/FYP/lab_plan/qPCR/result/conrad_24_AIcpd_1_biodup2,,6.640463428572449,4369818.797910567,True
24h_Bio2,C6,Treatment,Treat 12.5 uM,12.5 uM,24h,Bio2,3,,15.5920742908924,24h_Bio2,/Users/conrad/Desktop/Bioinformatics/FYP/lab_plan/qPCR/result/conrad_24_AIcpd_1_biodup2,,6.603578351802917,4014009.0914841383,True
24h_Bio2,C7,DMSO control,DMSO 12.5 uM,12.5 uM,24h,Bio2,1,,14.9114934352867,24h_Bio2,/Users/conrad/Desktop/Bioinformatics/FYP/lab_plan/qPCR/result/conrad_24_AIcpd_1_biodup2,,6.775476245348643,5963157.0219885465,True
24h_Bio2,C8,DMSO control,DMSO 12.5 uM,12.5 uM,24h,Bio2,2,,15.1229368171444,24h_Bio2,/Users/conrad/Desktop/Bioinformatics/FYP/lab_plan/qPCR/result/conrad_24_AIcpd_1_biodup2,,6.722070876028968,5273159.113494136,True
24h_Bio2,C9,DMSO control,DMSO 12.5 uM,12.5 uM,24h,Bio2,3,,15.2127814936796,24h_Bio2,/Users/conrad/Desktop/Bioinformatics/FYP/lab_plan/qPCR/result/conrad_24_AIcpd_1_biodup2,,6.699378332570699,5004703.2632133905,True
24h_Bio2,D1,Treatment,Treat 6.25 uM,6.25 uM,24h,Bio2,1,,16.0818726548111,24h_Bio2,/Users/conrad/Desktop/Bioinformatics/FYP/lab_plan/qPCR/result/conrad_24_AIcpd_1_biodup2,,6.479867397657967,3019029.784805049,True
24h_Bio2,D2,Treatment,Treat 6.25 uM,6.25 uM,24h,Bio2,2,,15.6444435658168,24h_Bio2,/Users/conrad/Desktop/Bioinformatics/FYP/lab_plan/qPCR/result/conrad_24_AIcpd_1_biodup2,,6.590351168035002,3893598.5189212183,True
24h_Bio2,D3,Treatment,Treat 6.25 uM,6.25 uM,24h,Bio2,3,,15.6063617554911,24h_Bio2,/Users/conrad/Desktop/Bioinformatics/FYP/lab_plan/qPCR/result/conrad_24_AIcpd_1_biodup2,,6.599969691570416,3980793.8852395574,True
24h_Bio2,D4,DMSO control,DMSO 6.25 uM,6.25 uM,24h,Bio2,1,,15.7350226653691,24h_Bio2,/Users/conrad/Desktop/Bioinformatics/FYP/lab_plan/qPCR/result/conrad_24_AIcpd_1_biodup2,,6.567473127484696,3693797.8781389296,True
24h_Bio2,D5,DMSO control,DMSO 6.25 uM,6.25 uM,24h,Bio2,2,,15.8539666269156,24h_Bio2,/Users/conrad/Desktop/Bioinformatics/FYP/lab_plan/qPCR/result/conrad_24_AIcpd_1_biodup2,,6.537430824250012,3446916.986549957,True
24h_Bio2,D6,DMSO control,DMSO 6.25 uM,6.25 uM,24h,Bio2,3,,16.0689301903031,24h_Bio2,/Users/conrad/Desktop/Bioinformatics/FYP/lab_plan/qPCR/result/conrad_24_AIcpd_1_biodup2,,6.483136344129045,3041839.8430320052,True
24h_Bio2,D7,Treatment,Treat 3.125 uM,3.125 uM,24h,Bio2,1,,15.5985144090837,24h_Bio2,/Users/conrad/Desktop/Bioinformatics/FYP/lab_plan/qPCR/result/conrad_24_AIcpd_1_biodup2,,6.601951737210174,3999003.06698358,True
24h_Bio2,D8,Treatment,Treat 3.125 uM,3.125 uM,24h,Bio2,2,,15.4180187801502,24h_Bio2,/Users/conrad/Desktop/Bioinformatics/FYP/lab_plan/qPCR/result/conrad_24_AIcpd_1_biodup2,,6.647540469470746,4441610.483180679,True
24h_Bio2,D9,Treatment,Treat 3.125 uM,3.125 uM,24h,Bio2,3,,15.1836861082201,24h_Bio2,/Users/conrad/Desktop/Bioinformatics/FYP/lab_plan/qPCR/result/conrad_24_AIcpd_1_biodup2,,6.706727107416764,5090109.292585527,True
24h_Bio2,E1,DMSO control,DMSO 3.125 uM,3.125 uM,24h,Bio2,1,,22.8034346734341,24h_Bio2,/Users/conrad/Desktop/Bioinformatics/FYP/lab_plan/qPCR/result/conrad_24_AIcpd_1_biodup2,Excluded (>1.5 Cq from triplicate median),4.782167054162474,60557.376779927115,False
24h_Bio2,E2,DMSO control,DMSO 3.125 uM,3.125 uM,24h,Bio2,2,,16.0971885656498,24h_Bio2,/Users/conrad/Desktop/Bioinformatics/FYP/lab_plan/qPCR/result/conrad_24_AIcpd_1_biodup2,,6.475998977338438,2992257.5905356486,True
24h_Bio2,E3,DMSO control,DMSO 3.125 uM,3.125 uM,24h,Bio2,3,,16.3484278550875,24h_Bio2,/Users/conrad/Desktop/Bioinformatics/FYP/lab_plan/qPCR/result/conrad_24_AIcpd_1_biodup2,,6.412542145906074,2585485.7346490105,True
24h_Bio2,E4,Treatment,Treat 1.5625 uM,1.5625 uM,24h,Bio2,1,,15.3713003768763,24h_Bio2,/Users/conrad/Desktop/Bioinformatics/FYP/lab_plan/qPCR/result/conrad_24_AIcpd_1_biodup2,,6.659340382804271,4563944.797175952,True
24h_Bio2,E5,Treatment,Treat 1.5625 uM,1.5625 uM,24h,Bio2,2,,16.0033078392984,24h_Bio2,/Users/conrad/Desktop/Bioinformatics/FYP/lab_plan/qPCR/result/conrad_24_AIcpd_1_biodup2,,6.49971092716986,3160173.5017465316,True
24h_Bio2,E6,Treatment,Treat 1.5625 uM,1.5625 uM,24h,Bio2,3,,15.6071326325469,24h_Bio2,/Users/conrad/Desktop/Bioinformatics/FYP/lab_plan/qPCR/result/conrad_24_AIcpd_1_biodup2,,6.599774987089702,3979009.601253638,True
24h_Bio2,E7,DMSO control,DMSO 1.5625 uM,1.5625 uM,24h,Bio2,1,,15.5117979940844,24h_Bio2,/Users/conrad/Desktop/Bioinformatics/FYP/lab_plan/qPCR/result/conrad_24_AIcpd_1_biodup2,,6.623854159165535,4205853.675033074,True
24h_Bio2,E8,DMSO control,DMSO 1.5625 uM,1.5625 uM,24h,Bio2,2,,15.4881876128718,24h_Bio2,/Users/conrad/Desktop/Bioinformatics/FYP/lab_plan/qPCR/result/conrad_24_AIcpd_1_biodup2,,6.629817557581504,4264003.549907462,True
24h_Bio2,E9,DMSO control,DMSO 1.5625 uM,1.5625 uM,24h,Bio2,3,,,24h_Bio2,/Users/conrad/Desktop/Bioinformatics/FYP/lab_plan/qPCR/result/conrad_24_AIcpd_1_biodup2,,,,True
24h_Bio2,F1,Treatment,Treat 0.78125 uM,0.78125 uM,24h,Bio2,1,,16.3412328808054,24h_Bio2,/Users/conrad/Desktop/Bioinformatics/FYP/lab_plan/qPCR/result/conrad_24_AIcpd_1_biodup2,,6.414359418479966,2596327.171888414,True
24h_Bio2,F2,Treatment,Treat 0.78125 uM,0.78125 uM,24h,Bio2,2,,16.1312438072662,24h_Bio2,/Users/conrad/Desktop/Bioinformatics/FYP/lab_plan/qPCR/result/conrad_24_AIcpd_1_biodup2,,6.467397465483041,2933576.8209830145,True
24h_Bio2,F3,Treatment,Treat 0.78125 uM,0.78125 uM,24h,Bio2,3,,15.8946938977274,24h_Bio2,/Users/conrad/Desktop/Bioinformatics/FYP/lab_plan/qPCR/result/conrad_24_AIcpd_1_biodup2,,6.52714412281733,3366232.609711072,True
24h_Bio2,F4,DMSO control,DMSO 0.78125 uM,0.78125 uM,24h,Bio2,1,,15.2673632456058,24h_Bio2,/Users/conrad/Desktop/Bioinformatics/FYP/lab_plan/qPCR/result/conrad_24_AIcpd_1_biodup2,,6.685592331826086,4848331.781162541,True
24h_Bio2,F5,DMSO control,DMSO 0.78125 uM,0.78125 uM,24h,Bio2,2,,15.6561287319287,24h_Bio2,/Users/conrad/Desktop/Bioinformatics/FYP/lab_plan/qPCR/result/conrad_24_AIcpd_1_biodup2,,6.58739978404613,3867228.0582057764,True
24h_Bio2,F6,DMSO control,DMSO 0.78125 uM,0.78125 uM,24h,Bio2,3,,15.7414842404056,24h_Bio2,/Users/conrad/Desktop/Bioinformatics/FYP/lab_plan/qPCR/result/conrad_24_AIcpd_1_biodup2,,6.565841093423478,3679943.01394663,True
24h_Bio2,F7,Treatment,Treat 156 nM,156 nM,24h,Bio2,1,,15.4563388236819,24h_Bio2,/Users/conrad/Desktop/Bioinformatics/FYP/lab_plan/qPCR/result/conrad_24_AIcpd_1_biodup2,,6.637861774118939,4343719.516303819,True
24h_Bio2,F8,Treatment,Treat 156 nM,156 nM,24h,Bio2,2,,15.6884254190148,24h_Bio2,/Users/conrad/Desktop/Bioinformatics/FYP/lab_plan/qPCR/result/conrad_24_AIcpd_1_biodup2,,6.5792424395765075,3795267.920331106,True
24h_Bio2,F9,Treatment,Treat 156 nM,156 nM,24h,Bio2,3,,15.6934468711843,24h_Bio2,/Users/conrad/Desktop/Bioinformatics/FYP/lab_plan/qPCR/result/conrad_24_AIcpd_1_biodup2,,6.577974144937644,3784200.553832379,True
24h_Bio2,G1,DMSO control,DMSO 156 nM,156 nM,24h,Bio2,1,,17.0447900713628,24h_Bio2,/Users/conrad/Desktop/Bioinformatics/FYP/lab_plan/qPCR/result/conrad_24_AIcpd_1_biodup2,,6.236658270923983,1724480.4328450772,True
24h_Bio2,G2,DMSO control,DMSO 156 nM,156 nM,24h,Bio2,2,,16.0737912078945,24h_Bio2,/Users/conrad/Desktop/Bioinformatics/FYP/lab_plan/qPCR/result/conrad_24_AIcpd_1_biodup2,,6.481908571297105,3033252.5494626435,True
24h_Bio2,G3,DMSO control,DMSO 156 nM,156 nM,24h,Bio2,3,,16.7911390701227,24h_Bio2,/Users/conrad/Desktop/Bioinformatics/FYP/lab_plan/qPCR/result/conrad_24_AIcpd_1_biodup2,,6.300724241116654,1998592.443810539,True
24h_Bio2,G4,Treatment,Treat 31.25 nM,31.25 nM,24h,Bio2,1,,16.3889654681532,24h_Bio2,/Users/conrad/Desktop/Bioinformatics/FYP/lab_plan/qPCR/result/conrad_24_AIcpd_1_biodup2,,6.402303347329873,2525243.9967207536,True
24h_Bio2,G5,Treatment,Treat 31.25 nM,31.25 nM,24h,Bio2,2,,16.6349581558969,24h_Bio2,/Users/conrad/Desktop/Bioinformatics/FYP/lab_plan/qPCR/result/conrad_24_AIcpd_1_biodup2,,6.340171677738373,2188626.6227671304,True
24h_Bio2,G6,Treatment,Treat 31.25 nM,31.25 nM,24h,Bio2,3,,16.3240836075619,24h_Bio2,/Users/conrad/Desktop/Bioinformatics/FYP/lab_plan/qPCR/result/conrad_24_AIcpd_1_biodup2,,6.418690900804392,2622351.480166855,True
24h_Bio2,G7,DMSO control,DMSO 31.25 nM,31.25 nM,24h,Bio2,1,,16.2143700920666,24h_Bio2,/Users/conrad/Desktop/Bioinformatics/FYP/lab_plan/qPCR/result/conrad_24_AIcpd_1_biodup2,,6.446401821632974,2795128.778036893,True
24h_Bio2,G8,DMSO control,DMSO 31.25 nM,31.25 nM,24h,Bio2,2,,16.0568910475315,24h_Bio2,/Users/conrad/Desktop/Bioinformatics/FYP/lab_plan/qPCR/result/conrad_24_AIcpd_1_biodup2,,6.48617713386841,3063212.558591379,True
24h_Bio2,G9,DMSO control,DMSO 31.25 nM,31.25 nM,24h,Bio2,3,,16.1424928153603,24h_Bio2,/Users/conrad/Desktop/Bioinformatics/FYP/lab_plan/qPCR/result/conrad_24_AIcpd_1_biodup2,,6.464556244223395,2914447.5520119173,True
24h_Bio2,A11,ZIKV standard,ZIKV standard 10^-7,10^-7,24h,Bio2,Std dup 1,Columns 11-12 reserved for standards,13.0839023445368,24h_Bio2,/Users/conrad/Desktop/Bioinformatics/FYP/lab_plan/qPCR/result/conrad_24_AIcpd_1_biodup2,,7.2370805590392635,17261580.543313887,True
24h_Bio2,A12,ZIKV standard,ZIKV standard 10^-7,10^-7,24h,Bio2,Std dup 2,Columns 11-12 reserved for standards,13.2506350951081,24h_Bio2,/Users/conrad/Desktop/Bioinformatics/FYP/lab_plan/qPCR/result/conrad_24_AIcpd_1_biodup2,,7.194967989500727,15666355.9400188,True
24h_Bio2,B11,ZIKV standard,ZIKV standard 10^-6,10^-6,24h,Bio2,Std dup 1,Columns 11-12 reserved for standards,18.7709800926,24h_Bio2,/Users/conrad/Desktop/Bioinformatics/FYP/lab_plan/qPCR/result/conrad_24_AIcpd_1_biodup2,,5.800665359771279,631924.7419568396,True
24h_Bio2,B12,ZIKV standard,ZIKV standard 10^-6,10^-6,24h,Bio2,Std dup 2,Columns 11-12 reserved for standards,18.7702944673698,24h_Bio2,/Users/conrad/Desktop/Bioinformatics/FYP/lab_plan/qPCR/result/conrad_24_AIcpd_1_biodup2,,5.8008385317491005,632176.7679033469,True
24h_Bio2,C11,ZIKV standard,ZIKV standard 10^-5,10^-5,24h,Bio2,Std dup 1,Columns 11-12 reserved for standards,21.8575742973825,24h_Bio2,/Users/conrad/Desktop/Bioinformatics/FYP/lab_plan/qPCR/result/conrad_24_AIcpd_1_biodup2,,5.0210679942821255,104970.67606289923,True
24h_Bio2,C12,ZIKV standard,ZIKV standard 10^-5,10^-5,24h,Bio2,Std dup 2,Columns 11-12 reserved for standards,22.3963133119436,24h_Bio2,/Users/conrad/Desktop/Bioinformatics/FYP/lab_plan/qPCR/result/conrad_24_AIcpd_1_biodup2,,4.884995842073943,76735.41426945431,True
24h_Bio2,D11,ZIKV standard,ZIKV standard 10^-4,10^-4,24h,Bio2,Std dup 1,Columns 11-12 reserved for standards,26.498404294914,24h_Bio2,/Users/conrad/Desktop/Bioinformatics/FYP/lab_plan/qPCR/result/conrad_24_AIcpd_1_biodup2,,3.8489091033748775,7061.697394358032,True
24h_Bio2,D12,ZIKV standard,ZIKV standard 10^-4,10^-4,24h,Bio2,Std dup 2,Columns 11-12 reserved for standards,26.24239018198,24h_Bio2,/Users/conrad/Desktop/Bioinformatics/FYP/lab_plan/qPCR/result/conrad_24_AIcpd_1_biodup2,,3.913571937142316,8195.433622409042,True
24h_Bio2,E11,ZIKV standard,ZIKV standard 10^-3,10^-3,24h,Bio2,Std dup 1,Columns 11-12 reserved for standards,29.5366961572602,24h_Bio2,/Users/conrad/Desktop/Bioinformatics/FYP/lab_plan/qPCR/result/conrad_24_AIcpd_1_biodup2,,3.0815117150812843,1206.4566318913623,True
24h_Bio2,E12,ZIKV standard,ZIKV standard 10^-3,10^-3,24h,Bio2,Std dup 2,Columns 11-12 reserved for standards,29.4275616765813,24h_Bio2,/Users/conrad/Desktop/Bioinformatics/FYP/lab_plan/qPCR/result/conrad_24_AIcpd_1_biodup2,,3.1090763860346184,1285.5127429124996,True
24h_Bio2,F11,ZIKV standard,ZIKV standard 10^-2,10^-2,24h,Bio2,Std dup 1,Columns 11-12 reserved for standards,33.1042503587891,24h_Bio2,/Users/conrad/Desktop/Bioinformatics/FYP/lab_plan/qPCR/result/conrad_24_AIcpd_1_biodup2,,2.180435748424476,151.50806389362046,True
24h_Bio2,F12,ZIKV standard,ZIKV standard 10^-2,10^-2,24h,Bio2,Std dup 2,Columns 11-12 reserved for standards,34.1081369017062,24h_Bio2,/Users/conrad/Desktop/Bioinformatics/FYP/lab_plan/qPCR/result/conrad_24_AIcpd_1_biodup2,,1.926878833525993,84.5043048539561,True
48h_Bio1,A1,Negative control,Negative Ctrl,0 nM,48h,Bio1,1,,12.561616678961,48h_Bio1,/Users/conrad/Desktop/Bioinformatics/FYP/lab_plan/qPCR/result/conrad_48_AIcpd_1_biodup1,,7.592184643512408,39100710.0020129,True
48h_Bio1,A2,Negative control,Negative Ctrl,0 nM,48h,Bio1,2,,12.060117421214,48h_Bio1,/Users/conrad/Desktop/Bioinformatics/FYP/lab_plan/qPCR/result/conrad_48_AIcpd_1_biodup1,,7.723566753039929,52913532.14684045,True
48h_Bio1,A3,Negative control,Negative Ctrl,0 nM,48h,Bio1,3,,12.0335804713487,48h_Bio1,/Users/conrad/Desktop/Bioinformatics/FYP/lab_plan/qPCR/result/conrad_48_AIcpd_1_biodup1,,7.730518867923195,53767379.18520199,True
48h_Bio1,A4,Treatment,Treat 100 uM,100 uM,48h,Bio1,1,,18.5048909144139,48h_Bio1,/Users/conrad/Desktop/Bioinformatics/FYP/lab_plan/qPCR/result/conrad_48_AIcpd_1_biodup1,,6.035173552285055,1084360.1582675898,True
48h_Bio1,A5,Treatment,Treat 100 uM,100 uM,48h,Bio1,2,,18.8646013779488,48h_Bio1,/Users/conrad/Desktop/Bioinformatics/FYP/lab_plan/qPCR/result/conrad_48_AIcpd_1_biodup1,,5.940937082762344,872844.9081843069,True
48h_Bio1,A6,Treatment,Treat 100 uM,100 uM,48h,Bio1,3,,19.5421734148839,48h_Bio1,/Users/conrad/Desktop/Bioinformatics/FYP/lab_plan/qPCR/result/conrad_48_AIcpd_1_biodup1,,5.763427660376912,579999.5550304496,True
48h_Bio1,A7,DMSO control,DMSO 100 uM,100 uM,48h,Bio1,1,,11.6029278577662,48h_Bio1,/Users/conrad/Desktop/Bioinformatics/FYP/lab_plan/qPCR/result/conrad_48_AIcpd_1_biodup1,,7.843340667700519,69717317.37277788,True
48h_Bio1,A8,DMSO control,DMSO 100 uM,100 uM,48h,Bio1,2,,11.8053073892388,48h_Bio1,/Users/conrad/Desktop/Bioinformatics/FYP/lab_plan/qPCR/result/conrad_48_AIcpd_1_biodup1,,7.790321546815848,61705169.10025842,True
48h_Bio1,A9,DMSO control,DMSO 100 uM,100 uM,48h,Bio1,3,,11.8321305684341,48h_Bio1,/Users/conrad/Desktop/Bioinformatics/FYP/lab_plan/qPCR/result/conrad_48_AIcpd_1_biodup1,,7.783294445952837,60714782.83280863,True
48h_Bio1,B1,Treatment,Treat 50 uM,50 uM,48h,Bio1,1,,13.656156947104,48h_Bio1,/Users/conrad/Desktop/Bioinformatics/FYP/lab_plan/qPCR/result/conrad_48_AIcpd_1_biodup1,,7.30543843767058,20204050.14226676,True
48h_Bio1,B2,Treatment,Treat 50 uM,50 uM,48h,Bio1,2,,13.3684306465445,48h_Bio1,/Users/conrad/Desktop/Bioinformatics/FYP/lab_plan/qPCR/result/conrad_48_AIcpd_1_biodup1,,7.380816591775701,24033476.206127334,True
48h_Bio1,B3,Treatment,Treat 50 uM,50 uM,48h,Bio1,3,,13.9375913973469,48h_Bio1,/Users/conrad/Desktop/Bioinformatics/FYP/lab_plan/qPCR/result/conrad_48_AIcpd_1_biodup1,,7.2317086141555,17049380.92807996,True
48h_Bio1,B4,DMSO control,DMSO 50 uM,50 uM,48h,Bio1,1,,11.2447897227455,48h_Bio1,/Users/conrad/Desktop/Bioinformatics/FYP/lab_plan/qPCR/result/conrad_48_AIcpd_1_biodup1,,7.937165220687214,86529704.51805532,True
48h_Bio1,B5,DMSO control,DMSO 50 uM,50 uM,48h,Bio1,2,,12.0647245334807,48h_Bio1,/Users/conrad/Desktop/Bioinformatics/FYP/lab_plan/qPCR/result/conrad_48_AIcpd_1_biodup1,,7.722359787886784,52766682.187542774,True
48h_Bio1,B6,DMSO control,DMSO 50 uM,50 uM,48h,Bio1,3,,11.7938683491751,48h_Bio1,/Users/conrad/Desktop/Bioinformatics/FYP/lab_plan/qPCR/result/conrad_48_AIcpd_1_biodup1,,7.793318331340097,62132428.87450702,True
48h_Bio1,B7,Treatment,Treat 25 uM,25 uM,48h,Bio1,1,,12.4403743411861,48h_Bio1,/Users/conrad/Desktop/Bioinformatics/FYP/lab_plan/qPCR/result/conrad_48_AIcpd_1_biodup1,,7.6239475501465614,42067582.01921967,True
48h_Bio1,B8,Treatment,Treat 25 uM,25 uM,48h,Bio1,2,,12.4907147371089,48h_Bio1,/Users/conrad/Desktop/Bioinformatics/FYP/lab_plan/qPCR/result/conrad_48_AIcpd_1_biodup1,,7.610759440077364,40809327.68951243,True
48h_Bio1,B9,Treatment,Treat 25 uM,25 uM,48h,Bio1,3,,13.0737239306901,48h_Bio1,/Users/conrad/Desktop/Bioinformatics/FYP/lab_plan/qPCR/result/conrad_48_AIcpd_1_biodup1,,7.458023465809425,28709357.00297698,True
48h_Bio1,C1,DMSO control,DMSO 25 uM,25 uM,48h,Bio1,1,,18.8292026113669,48h_Bio1,/Users/conrad/Desktop/Bioinformatics/FYP/lab_plan/qPCR/result/conrad_48_AIcpd_1_biodup1,Excluded (>1.5 Cq from triplicate median),5.950210804620071,891683.6524062641,False
48h_Bio1,C2,DMSO control,DMSO 25 uM,25 uM,48h,Bio1,2,,11.7659618218582,48h_Bio1,/Users/conrad/Desktop/Bioinformatics/FYP/lab_plan/qPCR/result/conrad_48_AIcpd_1_biodup1,,7.800629246305262,63187219.686396174,True
48h_Bio1,C3,DMSO control,DMSO 25 uM,25 uM,48h,Bio1,3,,11.6458091501661,48h_Bio1,/Users/conrad/Desktop/Bioinformatics/FYP/lab_plan/qPCR/result/conrad_48_AIcpd_1_biodup1,,7.832106683666175,67937049.82744336,True
48h_Bio1,C4,Treatment,Treat 12.5 uM,12.5 uM,48h,Bio1,1,,11.5414626648071,48h_Bio1,/Users/conrad/Desktop/Bioinformatics/FYP/lab_plan/qPCR/result/conrad_48_AIcpd_1_biodup1,,7.859443237322979,72350783.29796912,True
48h_Bio1,C5,Treatment,Treat 12.5 uM,12.5 uM,48h,Bio1,2,,11.9873673092122,48h_Bio1,/Users/conrad/Desktop/Bioinformatics/FYP/lab_plan/qPCR/result/conrad_48_AIcpd_1_biodup1,,7.742625730766237,55287344.483986385,True
48h_Bio1,C6,Treatment,Treat 12.5 uM,12.5 uM,48h,Bio1,3,,12.1032038807234,48h_Bio1,/Users/conrad/Desktop/Bioinformatics/FYP/lab_plan/qPCR/result/conrad_48_AIcpd_1_biodup1,,7.712279019598712,51555976.80145087,True
48h_Bio1,C7,DMSO control,DMSO 12.5 uM,12.5 uM,48h,Bio1,1,,11.1456267227331,48h_Bio1,/Users/conrad/Desktop/Bioinformatics/FYP/lab_plan/qPCR/result/conrad_48_AIcpd_1_biodup1,,7.963143811736853,91863674.23566683,True
48h_Bio1,C8,DMSO control,DMSO 12.5 uM,12.5 uM,48h,Bio1,2,,11.5584197502366,48h_Bio1,/Users/conrad/Desktop/Bioinformatics/FYP/lab_plan/qPCR/result/conrad_48_AIcpd_1_biodup1,,7.855000842602047,71614479.9649135,True
48h_Bio1,C9,DMSO control,DMSO 12.5 uM,12.5 uM,48h,Bio1,3,,11.3974751433049,48h_Bio1,/Users/conrad/Desktop/Bioinformatics/FYP/lab_plan/qPCR/result/conrad_48_AIcpd_1_biodup1,,7.897164896983224,78915969.62621856,True
48h_Bio1,D1,Treatment,Treat 6.25 uM,6.25 uM,48h,Bio1,1,,12.2785740482437,48h_Bio1,/Users/conrad/Desktop/Bioinformatics/FYP/lab_plan/qPCR/result/conrad_48_AIcpd_1_biodup1,,7.666335776012427,46380537.359079376,True
48h_Bio1,D2,Treatment,Treat 6.25 uM,6.25 uM,48h,Bio1,2,,11.5490759963409,48h_Bio1,/Users/conrad/Desktop/Bioinformatics/FYP/lab_plan/qPCR/result/conrad_48_AIcpd_1_biodup1,,7.857448706838653,72019268.65120181,True
48h_Bio1,D3,Treatment,Treat 6.25 uM,6.25 uM,48h,Bio1,3,,11.8853683990136,48h_Bio1,/Users/conrad/Desktop/Bioinformatics/FYP/lab_plan/qPCR/result/conrad_48_AIcpd_1_biodup1,,7.769347269800221,58795930.76139855,True
48h_Bio1,D4,DMSO control,DMSO 6.25 uM,6.25 uM,48h,Bio1,1,,11.2185223588151,48h_Bio1,/Users/conrad/Desktop/Bioinformatics/FYP/lab_plan/qPCR/result/conrad_48_AIcpd_1_biodup1,,7.944046709805278,87911706.36888346,True
48h_Bio1,D5,DMSO control,DMSO 6.25 uM,6.25 uM,48h,Bio1,2,,11.3976235807412,48h_Bio1,/Users/conrad/Desktop/Bioinformatics/FYP/lab_plan/qPCR/result/conrad_48_AIcpd_1_biodup1,,7.897126009540795,78908903.6768155,True
48h_Bio1,D6,DMSO control,DMSO 6.25 uM,6.25 uM,48h,Bio1,3,,11.8887921102958,48h_Bio1,/Users/conrad/Desktop/Bioinformatics/FYP/lab_plan/qPCR/result/conrad_48_AIcpd_1_biodup1,,7.7684503304653765,58674626.059131466,True
48h_Bio1,D7,Treatment,Treat 3.125 uM,3.125 uM,48h,Bio1,1,,11.8050569321302,48h_Bio1,/Users/conrad/Desktop/Bioinformatics/FYP/lab_plan/qPCR/result/conrad_48_AIcpd_1_biodup1,,7.790387161236539,61714492.39345321,True
48h_Bio1,D8,Treatment,Treat 3.125 uM,3.125 uM,48h,Bio1,2,,12.0763404024303,48h_Bio1,/Users/conrad/Desktop/Bioinformatics/FYP/lab_plan/qPCR/result/conrad_48_AIcpd_1_biodup1,,7.719316677965844,52398237.37188999,True
48h_Bio1,D9,Treatment,Treat 3.125 uM,3.125 uM,48h,Bio1,3,,12.1459845389101,48h_Bio1,/Users/conrad/Desktop/Bioinformatics/FYP/lab_plan/qPCR/result/conrad_48_AIcpd_1_biodup1,,7.701071399581894,50242518.32481927,True
48h_Bio1,E1,DMSO control,DMSO 3.125 uM,3.125 uM,48h,Bio1,1,,12.3943344519908,48h_Bio1,/Users/conrad/Desktop/Bioinformatics/FYP/lab_plan/qPCR/result/conrad_48_AIcpd_1_biodup1,,7.636009019174583,43252281.33233421,True
48h_Bio1,E2,DMSO control,DMSO 3.125 uM,3.125 uM,48h,Bio1,2,,11.3756513866665,48h_Bio1,/Users/conrad/Desktop/Bioinformatics/FYP/lab_plan/qPCR/result/conrad_48_AIcpd_1_biodup1,,7.902882255764272,79961743.64384222,True
48h_Bio1,E3,DMSO control,DMSO 3.125 uM,3.125 uM,48h,Bio1,3,,11.9594906759218,48h_Bio1,/Users/conrad/Desktop/Bioinformatics/FYP/lab_plan/qPCR/result/conrad_48_AIcpd_1_biodup1,,7.749928814134041,56224915.85262658,True
48h_Bio1,E4,Treatment,Treat 1.5625 uM,1.5625 uM,48h,Bio1,1,,11.7393311297823,48h_Bio1,/Users/conrad/Desktop/Bioinformatics/FYP/lab_plan/qPCR/result/conrad_48_AIcpd_1_biodup1,,7.807605919648365,64210480.471368626,True
48h_Bio1,E5,Treatment,Treat 1.5625 uM,1.5625 uM,48h,Bio1,2,,11.784504448129,48h_Bio1,/Users/conrad/Desktop/Bioinformatics/FYP/lab_plan/qPCR/result/conrad_48_AIcpd_1_biodup1,,7.795771473700408,62484381.26589357,True
48h_Bio1,E6,Treatment,Treat 1.5625 uM,1.5625 uM,48h,Bio1,3,,12.0170398671877,48h_Bio1,/Users/conrad/Desktop/Bioinformatics/FYP/lab_plan/qPCR/result/conrad_48_AIcpd_1_biodup1,,7.734852153434513,54306542.46392269,True
48h_Bio1,E7,DMSO control,DMSO 1.5625 uM,1.5625 uM,48h,Bio1,1,,11.3716650083785,48h_Bio1,/Users/conrad/Desktop/Bioinformatics/FYP/lab_plan/qPCR/result/conrad_48_AIcpd_1_biodup1,,7.903926601854044,80154258.6852852,True
48h_Bio1,E8,DMSO control,DMSO 1.5625 uM,1.5625 uM,48h,Bio1,2,,11.423246080915,48h_Bio1,/Users/conrad/Desktop/Bioinformatics/FYP/lab_plan/qPCR/result/conrad_48_AIcpd_1_biodup1,,7.890413460973273,77698647.83430944,True
48h_Bio1,E9,DMSO control,DMSO 1.5625 uM,1.5625 uM,48h,Bio1,3,,11.6820521693152,48h_Bio1,/Users/conrad/Desktop/Bioinformatics/FYP/lab_plan/qPCR/result/conrad_48_AIcpd_1_biodup1,,7.8226117856421045,66467873.65081983,True
48h_Bio1,F1,Treatment,Treat 0.78125 uM,0.78125 uM,48h,Bio1,1,,11.9523138207963,48h_Bio1,/Users/conrad/Desktop/Bioinformatics/FYP/lab_plan/qPCR/result/conrad_48_AIcpd_1_biodup1,,7.751808997108584,56468856.99271661,True
48h_Bio1,F2,Treatment,Treat 0.78125 uM,0.78125 uM,48h,Bio1,2,,11.978202892914,48h_Bio1,/Users/conrad/Desktop/Bioinformatics/FYP/lab_plan/qPCR/result/conrad_48_AIcpd_1_biodup1,,7.74502661237722,55593832.26055262,True
48h_Bio1,F3,Treatment,Treat 0.78125 uM,0.78125 uM,48h,Bio1,3,,13.0028365540543,48h_Bio1,/Users/conrad/Desktop/Bioinformatics/FYP/lab_plan/qPCR/result/conrad_48_AIcpd_1_biodup1,,7.476594446598357,29963631.446550794,True
48h_Bio1,F4,DMSO control,DMSO 0.78125 uM,0.78125 uM,48h,Bio1,1,,11.1041115538212,48h_Bio1,/Users/conrad/Desktop/Bioinformatics/FYP/lab_plan/qPCR/result/conrad_48_AIcpd_1_biodup1,,7.974019900554095,94193275.74542089,True
48h_Bio1,F5,DMSO control,DMSO 0.78125 uM,0.78125 uM,48h,Bio1,2,,11.2455622968725,48h_Bio1,/Users/conrad/Desktop/Bioinformatics/FYP/lab_plan/qPCR/result/conrad_48_AIcpd_1_biodup1,,7.936962822743442,86489387.74069358,True
48h_Bio1,F6,DMSO control,DMSO 0.78125 uM,0.78125 uM,48h,Bio1,3,,11.4546491251141,48h_Bio1,/Users/conrad/Desktop/Bioinformatics/FYP/lab_plan/qPCR/result/conrad_48_AIcpd_1_biodup1,,7.8821865331588645,76240639.97190419,True
48h_Bio1,F7,Treatment,Treat 156 nM,156 nM,48h,Bio1,1,,11.5998640298265,48h_Bio1,/Users/conrad/Desktop/Bioinformatics/FYP/lab_plan/qPCR/result/conrad_48_AIcpd_1_biodup1,,7.8441433252752395,69846287.1814349,True
48h_Bio1,F8,Treatment,Treat 156 nM,156 nM,48h,Bio1,2,,12.1405719867329,48h_Bio1,/Users/conrad/Desktop/Bioinformatics/FYP/lab_plan/qPCR/result/conrad_48_AIcpd_1_biodup1,,7.702489372813126,50406828.439978905,True
48h_Bio1,F9,Treatment,Treat 156 nM,156 nM,48h,Bio1,3,,12.4614423296807,48h_Bio1,/Users/conrad/Desktop/Bioinformatics/FYP/lab_plan/qPCR/result/conrad_48_AIcpd_1_biodup1,,7.618428186500128,41536336.24504017,True
48h_Bio1,G1,DMSO control,DMSO 156 nM,156 nM,48h,Bio1,1,,13.57669534241,48h_Bio1,/Users/conrad/Desktop/Bioinformatics/FYP/lab_plan/qPCR/result/conrad_48_AIcpd_1_biodup1,Excluded (>1.5 Cq from triplicate median),7.3262556833391805,21196086.507939387,False
48h_Bio1,G2,DMSO control,DMSO 156 nM,156 nM,48h,Bio1,2,,12.030868899318,48h_Bio1,/Users/conrad/Desktop/Bioinformatics/FYP/lab_plan/qPCR/result/conrad_48_AIcpd_1_biodup1,,7.731229241962689,53855398.2751353,True
48h_Bio1,G3,DMSO control,DMSO 156 nM,156 nM,48h,Bio1,3,,11.7579681749582,48h_Bio1,/Users/conrad/Desktop/Bioinformatics/FYP/lab_plan/qPCR/result/conrad_48_AIcpd_1_biodup1,,7.802723411304146,63492643.80898883,True
48h_Bio1,G4,Treatment,Treat 31.25 nM,31.25 nM,48h,Bio1,1,,11.2612014679035,48h_Bio1,/Users/conrad/Desktop/Bioinformatics/FYP/lab_plan/qPCR/result/conrad_48_AIcpd_1_biodup1,,7.93286569348637,85677284.53896676,True
48h_Bio1,G5,Treatment,Treat 31.25 nM,31.25 nM,48h,Bio1,2,,11.2817328435656,48h_Bio1,/Users/conrad/Desktop/Bioinformatics/FYP/lab_plan/qPCR/result/conrad_48_AIcpd_1_biodup1,,7.927486910957146,84622706.42943543,True
48h_Bio1,G6,Treatment,Treat 31.25 nM,31.25 nM,48h,Bio1,3,,11.7409064787903,48h_Bio1,/Users/conrad/Desktop/Bioinformatics/FYP/lab_plan/qPCR/result/conrad_48_AIcpd_1_biodup1,,7.807193211807395,64149490.56160365,True
48h_Bio1,G7,DMSO control,DMSO 31.25 nM,31.25 nM,48h,Bio1,1,,11.7516725975738,48h_Bio1,/Users/conrad/Desktop/Bioinformatics/FYP/lab_plan/qPCR/result/conrad_48_AIcpd_1_biodup1,,7.804372718306457,63734226.33462617,True
48h_Bio1,G8,DMSO control,DMSO 31.25 nM,31.25 nM,48h,Bio1,2,,11.951675500515,48h_Bio1,/Users/conrad/Desktop/Bioinformatics/FYP/lab_plan/qPCR/result/conrad_48_AIcpd_1_biodup1,,7.751976223408155,56490604.67007514,True
48h_Bio1,G9,DMSO control,DMSO 31.25 nM,31.25 nM,48h,Bio1,3,,11.8737539152992,48h_Bio1,/Users/conrad/Desktop/Bioinformatics/FYP/lab_plan/qPCR/result/conrad_48_AIcpd_1_biodup1,,7.772390016819082,59209312.289045006,True
48h_Bio1,A11,ZIKV standard,ZIKV standard 10^-7,10^-7,48h,Bio1,Std dup 1,Columns 11-12 reserved for standards,13.6262822358561,48h_Bio1,/Users/conrad/Desktop/Bioinformatics/FYP/lab_plan/qPCR/result/conrad_48_AIcpd_1_biodup1,,7.313264974848138,20571453.333597828,True
48h_Bio1,A12,ZIKV standard,ZIKV standard 10^-7,10^-7,48h,Bio1,Std dup 2,Columns 11-12 reserved for standards,13.7028811922115,48h_Bio1,/Users/conrad/Desktop/Bioinformatics/FYP/lab_plan/qPCR/result/conrad_48_AIcpd_1_biodup1,,7.29319768198954,19642541.618096344,True
48h_Bio1,B11,ZIKV standard,ZIKV standard 10^-6,10^-6,48h,Bio1,Std dup 1,Columns 11-12 reserved for standards,19.3426288301745,48h_Bio1,/Users/conrad/Desktop/Bioinformatics/FYP/lab_plan/qPCR/result/conrad_48_AIcpd_1_biodup1,,5.815704085673517,654190.2779079023,True
48h_Bio1,B12,ZIKV standard,ZIKV standard 10^-6,10^-6,48h,Bio1,Std dup 2,Columns 11-12 reserved for standards,19.361501504952,48h_Bio1,/Users/conrad/Desktop/Bioinformatics/FYP/lab_plan/qPCR/result/conrad_48_AIcpd_1_biodup1,,5.8107598473992,646784.8630550632,True
48h_Bio1,C11,ZIKV standard,ZIKV standard 10^-5,10^-5,48h,Bio1,Std dup 1,Columns 11-12 reserved for standards,22.9018064049721,48h_Bio1,/Users/conrad/Desktop/Bioinformatics/FYP/lab_plan/qPCR/result/conrad_48_AIcpd_1_biodup1,,4.883275471400557,76432.04355101575,True
48h_Bio1,C12,ZIKV standard,ZIKV standard 10^-5,10^-5,48h,Bio1,Std dup 2,Columns 11-12 reserved for standards,22.6142570358508,48h_Bio1,/Users/conrad/Desktop/Bioinformatics/FYP/lab_plan/qPCR/result/conrad_48_AIcpd_1_biodup1,,4.958607273242471,90909.08220127887,True
48h_Bio1,D11,ZIKV standard,ZIKV standard 10^-4,10^-4,48h,Bio1,Std dup 1,Columns 11-12 reserved for standards,26.8178624503034,48h_Bio1,/Users/conrad/Desktop/Bioinformatics/FYP/lab_plan/qPCR/result/conrad_48_AIcpd_1_biodup1,,3.857352309370305,7200.328478534832,True
48h_Bio1,D12,ZIKV standard,ZIKV standard 10^-4,10^-4,48h,Bio1,Std dup 2,Columns 11-12 reserved for standards,26.9069958060709,48h_Bio1,/Users/conrad/Desktop/Bioinformatics/FYP/lab_plan/qPCR/result/conrad_48_AIcpd_1_biodup1,,3.8340012712000577,6823.406913815448,True
48h_Bio1,E11,ZIKV standard,ZIKV standard 10^-3,10^-3,48h,Bio1,Std dup 1,Columns 11-12 reserved for standards,28.3291589871873,48h_Bio1,/Users/conrad/Desktop/Bioinformatics/FYP/lab_plan/qPCR/result/conrad_48_AIcpd_1_biodup1,,3.461424849717688,2893.5090811633336,True
48h_Bio1,E12,ZIKV standard,ZIKV standard 10^-3,10^-3,48h,Bio1,Std dup 2,Columns 11-12 reserved for standards,33.5562032377806,48h_Bio1,/Users/conrad/Desktop/Bioinformatics/FYP/lab_plan/qPCR/result/conrad_48_AIcpd_1_biodup1,,2.0920507387332643,123.60918379284412,True
48h_Bio1,F11,ZIKV standard,ZIKV standard 10^-2,10^-2,48h,Bio1,Std dup 1,Columns 11-12 reserved for standards,34.6770138215487,48h_Bio1,/Users/conrad/Desktop/Bioinformatics/FYP/lab_plan/qPCR/result/conrad_48_AIcpd_1_biodup1,,1.7984222704923154,62.86693255631762,True
48h_Bio1,F12,ZIKV standard,ZIKV standard 10^-2,10^-2,48h,Bio1,Std dup 2,Columns 11-12 reserved for standards,30.541116241095,48h_Bio1,/Users/conrad/Desktop/Bioinformatics/FYP/lab_plan/qPCR/result/conrad_48_AIcpd_1_biodup1,,2.8819392259329657,761.9723740851801,True
48h_Bio2,A1,Negative control,Negative Ctrl,0 nM,48h,Bio2,1,,13.5166576128546,48h_Bio2,/Users/conrad/Desktop/Bioinformatics/FYP/lab_plan/qPCR/result/conrad_48_AIcpd_1_biodup2,Excluded (>1.5 Cq from triplicate median),7.401934619908239,25231009.08141419,False
48h_Bio2,A2,Negative control,Negative Ctrl,0 nM,48h,Bio2,2,,11.7640680003834,48h_Bio2,/Users/conrad/Desktop/Bioinformatics/FYP/lab_plan/qPCR/result/conrad_48_AIcpd_1_biodup2,,7.864930518800442,73270730.0576872,True
48h_Bio2,A3,Negative control,Negative Ctrl,0 nM,48h,Bio2,3,,11.9504189940842,48h_Bio2,/Users/conrad/Desktop/Bioinformatics/FYP/lab_plan/qPCR/result/conrad_48_AIcpd_1_biodup2,,7.815700656187996,65418511.19955512,True
48h_Bio2,A4,Treatment,Treat 100 uM,100 uM,48h,Bio2,1,,18.5526996286012,48h_Bio2,/Users/conrad/Desktop/Bioinformatics/FYP/lab_plan/qPCR/result/conrad_48_AIcpd_1_biodup2,,6.071522306981324,1179023.0807030776,True
48h_Bio2,A5,Treatment,Treat 100 uM,100 uM,48h,Bio2,2,,18.7052580986395,48h_Bio2,/Users/conrad/Desktop/Bioinformatics/FYP/lab_plan/qPCR/result/conrad_48_AIcpd_1_biodup2,,6.031219691088602,1074532.8352962572,True
48h_Bio2,A6,Treatment,Treat 100 uM,100 uM,48h,Bio2,3,,19.2454954679653,48h_Bio2,/Users/conrad/Desktop/Bioinformatics/FYP/lab_plan/qPCR/result/conrad_48_AIcpd_1_biodup2,,5.888500776947903,773572.0626853483,True
48h_Bio2,A7,DMSO control,DMSO 100 uM,100 uM,48h,Bio2,1,,11.3905917414796,48h_Bio2,/Users/conrad/Desktop/Bioinformatics/FYP/lab_plan/qPCR/result/conrad_48_AIcpd_1_biodup2,,7.963594789646053,91959116.39966968,True
48h_Bio2,A8,DMSO control,DMSO 100 uM,100 uM,48h,Bio2,2,,12.1955695367946,48h_Bio2,/Users/conrad/Desktop/Bioinformatics/FYP/lab_plan/qPCR/result/conrad_48_AIcpd_1_biodup2,,7.750937236914918,56355620.629447676,True
48h_Bio2,A9,DMSO control,DMSO 100 uM,100 uM,48h,Bio2,3,,11.7704352877366,48h_Bio2,/Users/conrad/Desktop/Bioinformatics/FYP/lab_plan/qPCR/result/conrad_48_AIcpd_1_biodup2,,7.863248420543884,72987488.61974546,True
48h_Bio2,B1,Treatment,Treat 50 uM,50 uM,48h,Bio2,1,,13.5042820100511,48h_Bio2,/Users/conrad/Desktop/Bioinformatics/FYP/lab_plan/qPCR/result/conrad_48_AIcpd_1_biodup2,,7.40520398388459,25421664.55983889,True
48h_Bio2,B2,Treatment,Treat 50 uM,50 uM,48h,Bio2,2,,13.5507851947739,48h_Bio2,/Users/conrad/Desktop/Bioinformatics/FYP/lab_plan/qPCR/result/conrad_48_AIcpd_1_biodup2,,7.392918858114773,24712623.80866563,True
48h_Bio2,B3,Treatment,Treat 50 uM,50 uM,48h,Bio2,3,,13.6899782660635,48h_Bio2,/Users/conrad/Desktop/Bioinformatics/FYP/lab_plan/qPCR/result/conrad_48_AIcpd_1_biodup2,,7.356147088669887,22706337.493961472,True
48h_Bio2,B4,DMSO control,DMSO 50 uM,50 uM,48h,Bio2,1,,11.2217930277062,48h_Bio2,/Users/conrad/Desktop/Bioinformatics/FYP/lab_plan/qPCR/result/conrad_48_AIcpd_1_biodup2,,8.00818772324513,101903176.80741327,True
48h_Bio2,B5,DMSO control,DMSO 50 uM,50 uM,48h,Bio2,2,,11.2709768593932,48h_Bio2,/Users/conrad/Desktop/Bioinformatics/FYP/lab_plan/qPCR/result/conrad_48_AIcpd_1_biodup2,,7.9951944290929555,98899575.86089523,True
48h_Bio2,B6,DMSO control,DMSO 50 uM,50 uM,48h,Bio2,3,,11.4021285934792,48h_Bio2,/Users/conrad/Desktop/Bioinformatics/FYP/lab_plan/qPCR/result/conrad_48_AIcpd_1_biodup2,,7.960547005313696,91316026.46904854,True
48h_Bio2,B7,Treatment,Treat 25 uM,25 uM,48h,Bio2,1,,11.8597994918095,48h_Bio2,/Users/conrad/Desktop/Bioinformatics/FYP/lab_plan/qPCR/result/conrad_48_AIcpd_1_biodup2,,7.839640349550482,69125828.50284581,True
48h_Bio2,B8,Treatment,Treat 25 uM,25 uM,48h,Bio2,2,,11.7182015940141,48h_Bio2,/Users/conrad/Desktop/Bioinformatics/FYP/lab_plan/qPCR/result/conrad_48_AIcpd_1_biodup2,,7.877047421636563,75343782.88919766,True
48h_Bio2,B9,Treatment,Treat 25 uM,25 uM,48h,Bio2,3,,11.7619527222286,48h_Bio2,/Users/conrad/Desktop/Bioinformatics/FYP/lab_plan/qPCR/result/conrad_48_AIcpd_1_biodup2,,7.865489329091066,73365068.79036656,True
48h_Bio2,C1,DMSO control,DMSO 25 uM,25 uM,48h,Bio2,1,,11.5571228085022,48h_Bio2,/Users/conrad/Desktop/Bioinformatics/FYP/lab_plan/qPCR/result/conrad_48_AIcpd_1_biodup2,,7.919600918792916,83099979.91048107,True
48h_Bio2,C2,DMSO control,DMSO 25 uM,25 uM,48h,Bio2,2,,11.2297143216202,48h_Bio2,/Users/conrad/Desktop/Bioinformatics/FYP/lab_plan/qPCR/result/conrad_48_AIcpd_1_biodup2,,8.00609509039486,101413340.9717709,True
48h_Bio2,C3,DMSO control,DMSO 25 uM,25 uM,48h,Bio2,3,,11.1948587424787,48h_Bio2,/Users/conrad/Desktop/Bioinformatics/FYP/lab_plan/qPCR/result/conrad_48_AIcpd_1_biodup2,,8.015303173154903,103586503.30606098,True
48h_Bio2,C4,Treatment,Treat 12.5 uM,12.5 uM,48h,Bio2,1,,11.6253104724247,48h_Bio2,/Users/conrad/Desktop/Bioinformatics/FYP/lab_plan/qPCR/result/conrad_48_AIcpd_1_biodup2,,7.901587227209613,79723659.79452023,True
48h_Bio2,C5,Treatment,Treat 12.5 uM,12.5 uM,48h,Bio2,2,,11.48336197622,48h_Bio2,/Users/conrad/Desktop/Bioinformatics/FYP/lab_plan/qPCR/result/conrad_48_AIcpd_1_biodup2,,7.939086919738329,86913436.05128206,True
48h_Bio2,C6,Treatment,Treat 12.5 uM,12.5 uM,48h,Bio2,3,,11.8205689942338,48h_Bio2,/Users/conrad/Desktop/Bioinformatics/FYP/lab_plan/qPCR/result/conrad_48_AIcpd_1_biodup2,,7.850004190212209,70795261.4904679,True
48h_Bio2,C7,DMSO control,DMSO 12.5 uM,12.5 uM,48h,Bio2,1,,11.2308823404289,48h_Bio2,/Users/conrad/Desktop/Bioinformatics/FYP/lab_plan/qPCR/result/conrad_48_AIcpd_1_biodup2,,8.005786525335242,101341312.65715973,True
48h_Bio2,C8,DMSO control,DMSO 12.5 uM,12.5 uM,48h,Bio2,2,,11.6063409755161,48h_Bio2,/Users/conrad/Desktop/Bioinformatics/FYP/lab_plan/qPCR/result/conrad_48_AIcpd_1_biodup2,,7.906598553997261,80648919.63490798,True
48h_Bio2,C9,DMSO control,DMSO 12.5 uM,12.5 uM,48h,Bio2,3,,11.355458563692,48h_Bio2,/Users/conrad/Desktop/Bioinformatics/FYP/lab_plan/qPCR/result/conrad_48_AIcpd_1_biodup2,,7.972876207905615,93945548.8283499,True
48h_Bio2,D1,Treatment,Treat 6.25 uM,6.25 uM,48h,Bio2,1,,11.5501416204333,48h_Bio2,/Users/conrad/Desktop/Bioinformatics/FYP/lab_plan/qPCR/result/conrad_48_AIcpd_1_biodup2,,7.921445196210913,83453623.1181822,True
48h_Bio2,D2,Treatment,Treat 6.25 uM,6.25 uM,48h,Bio2,2,,11.5037571830728,48h_Bio2,/Users/conrad/Desktop/Bioinformatics/FYP/lab_plan/qPCR/result/conrad_48_AIcpd_1_biodup2,,7.933698951521063,85841826.84813604,True
48h_Bio2,D3,Treatment,Treat 6.25 uM,6.25 uM,48h,Bio2,3,,11.4313495337938,48h_Bio2,/Users/conrad/Desktop/Bioinformatics/FYP/lab_plan/qPCR/result/conrad_48_AIcpd_1_biodup2,,7.952827471070675,89707235.04633011,True
48h_Bio2,D4,DMSO control,DMSO 6.25 uM,6.25 uM,48h,Bio2,1,,11.421696234402,48h_Bio2,/Users/conrad/Desktop/Bioinformatics/FYP/lab_plan/qPCR/result/conrad_48_AIcpd_1_biodup2,,7.955377661941019,90235548.37290661,True
48h_Bio2,D5,DMSO control,DMSO 6.25 uM,6.25 uM,48h,Bio2,2,,11.453592758015,48h_Bio2,/Users/conrad/Desktop/Bioinformatics/FYP/lab_plan/qPCR/result/conrad_48_AIcpd_1_biodup2,,7.946951297025553,88501635.61039211,True
48h_Bio2,D6,DMSO control,DMSO 6.25 uM,6.25 uM,48h,Bio2,3,,11.5497961911328,48h_Bio2,/Users/conrad/Desktop/Bioinformatics/FYP/lab_plan/qPCR/result/conrad_48_AIcpd_1_biodup2,,7.9215364510878965,83471160.41276611,True
48h_Bio2,D7,Treatment,Treat 3.125 uM,3.125 uM,48h,Bio2,1,,11.5497964963793,48h_Bio2,/Users/conrad/Desktop/Bioinformatics/FYP/lab_plan/qPCR/result/conrad_48_AIcpd_1_biodup2,,7.921536370448438,83471144.91390797,True
48h_Bio2,D8,Treatment,Treat 3.125 uM,3.125 uM,48h,Bio2,2,,11.7074958931273,48h_Bio2,/Users/conrad/Desktop/Bioinformatics/FYP/lab_plan/qPCR/result/conrad_48_AIcpd_1_biodup2,,7.8798756339973375,75836037.73488122,True
48h_Bio2,D9,Treatment,Treat 3.125 uM,3.125 uM,48h,Bio2,3,,11.7928740342985,48h_Bio2,/Users/conrad/Desktop/Bioinformatics/FYP/lab_plan/qPCR/result/conrad_48_AIcpd_1_biodup2,,7.857320593766575,71998026.73036386,True
48h_Bio2,E1,DMSO control,DMSO 3.125 uM,3.125 uM,48h,Bio2,1,,11.6194865869592,48h_Bio2,/Users/conrad/Desktop/Bioinformatics/FYP/lab_plan/qPCR/result/conrad_48_AIcpd_1_biodup2,,7.90312577055539,80006591.84754425,True
48h_Bio2,E2,DMSO control,DMSO 3.125 uM,3.125 uM,48h,Bio2,2,,11.4775612420616,48h_Bio2,/Users/conrad/Desktop/Bioinformatics/FYP/lab_plan/qPCR/result/conrad_48_AIcpd_1_biodup2,,7.940619347014396,87220655.65234885,True
48h_Bio2,E3,DMSO control,DMSO 3.125 uM,3.125 uM,48h,Bio2,3,,11.5199822192107,48h_Bio2,/Users/conrad/Desktop/Bioinformatics/FYP/lab_plan/qPCR/result/conrad_48_AIcpd_1_biodup2,,7.929412651329752,84998771.98800431,True
48h_Bio2,E4,Treatment,Treat 1.5625 uM,1.5625 uM,48h,Bio2,1,,12.0181102541753,48h_Bio2,/Users/conrad/Desktop/Bioinformatics/FYP/lab_plan/qPCR/result/conrad_48_AIcpd_1_biodup2,,7.797818103655443,62779536.307253726,True
48h_Bio2,E5,Treatment,Treat 1.5625 uM,1.5625 uM,48h,Bio2,2,,12.0547794023718,48h_Bio2,/Users/conrad/Desktop/Bioinformatics/FYP/lab_plan/qPCR/result/conrad_48_AIcpd_1_biodup2,,7.788130915559588,61394704.80598738,True
48h_Bio2,E6,Treatment,Treat 1.5625 uM,1.5625 uM,48h,Bio2,3,,12.0133433966525,48h_Bio2,/Users/conrad/Desktop/Bioinformatics/FYP/lab_plan/qPCR/result/conrad_48_AIcpd_1_biodup2,,7.799077403304347,62961838.82917522,True
48h_Bio2,E7,DMSO control,DMSO 1.5625 uM,1.5625 uM,48h,Bio2,1,,11.2594444626853,48h_Bio2,/Users/conrad/Desktop/Bioinformatics/FYP/lab_plan/qPCR/result/conrad_48_AIcpd_1_biodup2,,7.998241036434549,99595802.7564566,True
48h_Bio2,E8,DMSO control,DMSO 1.5625 uM,1.5625 uM,48h,Bio2,2,,11.0407734829668,48h_Bio2,/Users/conrad/Desktop/Bioinformatics/FYP/lab_plan/qPCR/result/conrad_48_AIcpd_1_biodup2,,8.056009133481325,113765121.10798249,True
48h_Bio2,E9,DMSO control,DMSO 1.5625 uM,1.5625 uM,48h,Bio2,3,,11.263014435031,48h_Bio2,/Users/conrad/Desktop/Bioinformatics/FYP/lab_plan/qPCR/result/conrad_48_AIcpd_1_biodup2,,7.997297927709349,99379756.36399469,True
48h_Bio2,F1,Treatment,Treat 0.78125 uM,0.78125 uM,48h,Bio2,1,,11.5948119145331,48h_Bio2,/Users/conrad/Desktop/Bioinformatics/FYP/lab_plan/qPCR/result/conrad_48_AIcpd_1_biodup2,,7.909644280113189,81216501.93414032,True
48h_Bio2,F2,Treatment,Treat 0.78125 uM,0.78125 uM,48h,Bio2,2,,11.507797272359,48h_Bio2,/Users/conrad/Desktop/Bioinformatics/FYP/lab_plan/qPCR/result/conrad_48_AIcpd_1_biodup2,,7.932631648167582,85631124.6958754,True
48h_Bio2,F3,Treatment,Treat 0.78125 uM,0.78125 uM,48h,Bio2,3,,11.5675042202977,48h_Bio2,/Users/conrad/Desktop/Bioinformatics/FYP/lab_plan/qPCR/result/conrad_48_AIcpd_1_biodup2,,7.91685837652756,82576862.24383324,True
48h_Bio2,F4,DMSO control,DMSO 0.78125 uM,0.78125 uM,48h,Bio2,1,,11.2710359984108,48h_Bio2,/Users/conrad/Desktop/Bioinformatics/FYP/lab_plan/qPCR/result/conrad_48_AIcpd_1_biodup2,,7.995178805856107,98896018.12813456,True
48h_Bio2,F5,DMSO control,DMSO 0.78125 uM,0.78125 uM,48h,Bio2,2,,11.4397283423264,48h_Bio2,/Users/conrad/Desktop/Bioinformatics/FYP/lab_plan/qPCR/result/conrad_48_AIcpd_1_biodup2,,7.950613972850332,89251181.26827732,True
48h_Bio2,F6,DMSO control,DMSO 0.78125 uM,0.78125 uM,48h,Bio2,3,,11.5178274500627,48h_Bio2,/Users/conrad/Desktop/Bioinformatics/FYP/lab_plan/qPCR/result/conrad_48_AIcpd_1_biodup2,,7.929981894278292,85110255.50270878,True
48h_Bio2,F7,Treatment,Treat 156 nM,156 nM,48h,Bio2,1,,11.6679779156428,48h_Bio2,/Users/conrad/Desktop/Bioinformatics/FYP/lab_plan/qPCR/result/conrad_48_AIcpd_1_biodup2,,7.890315420572381,77681109.62661624,True
48h_Bio2,F8,Treatment,Treat 156 nM,156 nM,48h,Bio2,2,,11.6788460934727,48h_Bio2,/Users/conrad/Desktop/Bioinformatics/FYP/lab_plan/qPCR/result/conrad_48_AIcpd_1_biodup2,,7.887444285351752,77169251.05630076,True
48h_Bio2,F9,Treatment,Treat 156 nM,156 nM,48h,Bio2,3,,11.7796630176773,48h_Bio2,/Users/conrad/Desktop/Bioinformatics/FYP/lab_plan/qPCR/result/conrad_48_AIcpd_1_biodup2,,7.860810655828044,72578945.79834007,True
48h_Bio2,G1,DMSO control,DMSO 156 nM,156 nM,48h,Bio2,1,,12.0061448856295,48h_Bio2,/Users/conrad/Desktop/Bioinformatics/FYP/lab_plan/qPCR/result/conrad_48_AIcpd_1_biodup2,,7.800979092700463,63238140.727364905,True
48h_Bio2,G2,DMSO control,DMSO 156 nM,156 nM,48h,Bio2,2,,11.9304707461325,48h_Bio2,/Users/conrad/Desktop/Bioinformatics/FYP/lab_plan/qPCR/result/conrad_48_AIcpd_1_biodup2,,7.820970547625216,66217159.59533555,True
48h_Bio2,G3,DMSO control,DMSO 156 nM,156 nM,48h,Bio2,3,,11.8102632930823,48h_Bio2,/Users/conrad/Desktop/Bioinformatics/FYP/lab_plan/qPCR/result/conrad_48_AIcpd_1_biodup2,,7.852726731378949,71240462.6798905,True
48h_Bio2,G4,Treatment,Treat 31.25 nM,31.25 nM,48h,Bio2,1,,11.4090439799003,48h_Bio2,/Users/conrad/Desktop/Bioinformatics/FYP/lab_plan/qPCR/result/conrad_48_AIcpd_1_biodup2,,7.958720111253934,90932705.18801872,True
48h_Bio2,G5,Treatment,Treat 31.25 nM,31.25 nM,48h,Bio2,2,,11.5044911332003,48h_Bio2,/Users/conrad/Desktop/Bioinformatics/FYP/lab_plan/qPCR/result/conrad_48_AIcpd_1_biodup2,,7.933505057926918,85803510.76047976,True
48h_Bio2,G6,Treatment,Treat 31.25 nM,31.25 nM,48h,Bio2,3,,11.4996400791056,48h_Bio2,/Users/conrad/Desktop/Bioinformatics/FYP/lab_plan/qPCR/result/conrad_48_AIcpd_1_biodup2,,7.934786600471258,86057078.9114923,True
48h_Bio2,G7,DMSO control,DMSO 31.25 nM,31.25 nM,48h,Bio2,1,,11.571206153785,48h_Bio2,/Users/conrad/Desktop/Bioinformatics/FYP/lab_plan/qPCR/result/conrad_48_AIcpd_1_biodup2,,7.915880406550792,82391119.99714674,True
48h_Bio2,G8,DMSO control,DMSO 31.25 nM,31.25 nM,48h,Bio2,2,,11.6155679037744,48h_Bio2,/Users/conrad/Desktop/Bioinformatics/FYP/lab_plan/qPCR/result/conrad_48_AIcpd_1_biodup2,,7.904161001068403,80197531.55001871,True
48h_Bio2,G9,DMSO control,DMSO 31.25 nM,31.25 nM,48h,Bio2,3,,11.7439121484985,48h_Bio2,/Users/conrad/Desktop/Bioinformatics/FYP/lab_plan/qPCR/result/conrad_48_AIcpd_1_biodup2,,7.870255254662723,74174607.11856154,True
48h_Bio2,A11,ZIKV standard,ZIKV standard 10^-7,10^-7,48h,Bio2,Std dup 1,Columns 11-12 reserved for standards,13.7788050065173,48h_Bio2,/Users/conrad/Desktop/Bioinformatics/FYP/lab_plan/qPCR/result/conrad_48_AIcpd_1_biodup2,,7.332681003826394,21512010.630381856,True
48h_Bio2,A12,ZIKV standard,ZIKV standard 10^-7,10^-7,48h,Bio2,Std dup 2,Columns 11-12 reserved for standards,14.7466754351035,48h_Bio2,/Users/conrad/Desktop/Bioinformatics/FYP/lab_plan/qPCR/result/conrad_48_AIcpd_1_biodup2,,7.076990774975508,11939627.427500814,True
48h_Bio2,B11,ZIKV standard,ZIKV standard 10^-6,10^-6,48h,Bio2,Std dup 1,Columns 11-12 reserved for standards,19.3525497773125,48h_Bio2,/Users/conrad/Desktop/Bioinformatics/FYP/lab_plan/qPCR/result/conrad_48_AIcpd_1_biodup2,,5.860219366494602,724801.9723679982,True
48h_Bio2,B12,ZIKV standard,ZIKV standard 10^-6,10^-6,48h,Bio2,Std dup 2,Columns 11-12 reserved for standards,19.5153790844749,48h_Bio2,/Users/conrad/Desktop/Bioinformatics/FYP/lab_plan/qPCR/result/conrad_48_AIcpd_1_biodup2,,5.817203419749744,656452.6710134974,True
48h_Bio2,C11,ZIKV standard,ZIKV standard 10^-5,10^-5,48h,Bio2,Std dup 1,Columns 11-12 reserved for standards,22.9791703177977,48h_Bio2,/Users/conrad/Desktop/Bioinformatics/FYP/lab_plan/qPCR/result/conrad_48_AIcpd_1_biodup2,,4.902145425433591,79826.19440721035,True
48h_Bio2,C12,ZIKV standard,ZIKV standard 10^-5,10^-5,48h,Bio2,Std dup 2,Columns 11-12 reserved for standards,22.715378110106,48h_Bio2,/Users/conrad/Desktop/Bioinformatics/FYP/lab_plan/qPCR/result/conrad_48_AIcpd_1_biodup2,,4.971833565459005,93720.27741644738,True
48h_Bio2,D11,ZIKV standard,ZIKV standard 10^-4,10^-4,48h,Bio2,Std dup 1,Columns 11-12 reserved for standards,26.6351837178854,48h_Bio2,/Users/conrad/Desktop/Bioinformatics/FYP/lab_plan/qPCR/result/conrad_48_AIcpd_1_biodup2,,3.9363065328084312,8635.878684613277,True
48h_Bio2,D12,ZIKV standard,ZIKV standard 10^-4,10^-4,48h,Bio2,Std dup 2,Columns 11-12 reserved for standards,26.8834889273919,48h_Bio2,/Users/conrad/Desktop/Bioinformatics/FYP/lab_plan/qPCR/result/conrad_48_AIcpd_1_biodup2,,3.8707097194660447,7425.226730876604,True
48h_Bio2,E11,ZIKV standard,ZIKV standard 10^-3,10^-3,48h,Bio2,Std dup 1,Columns 11-12 reserved for standards,30.1360407713335,48h_Bio2,/Users/conrad/Desktop/Bioinformatics/FYP/lab_plan/qPCR/result/conrad_48_AIcpd_1_biodup2,,3.0114565583361865,1026.7307245795348,True
48h_Bio2,E12,ZIKV standard,ZIKV standard 10^-3,10^-3,48h,Bio2,Std dup 2,Columns 11-12 reserved for standards,30.2001362775335,48h_Bio2,/Users/conrad/Desktop/Bioinformatics/FYP/lab_plan/qPCR/result/conrad_48_AIcpd_1_biodup2,,2.994523925450057,987.4700343524494,True
48h_Bio2,F11,ZIKV standard,ZIKV standard 10^-2,10^-2,48h,Bio2,Std dup 1,Columns 11-12 reserved for standards,34.6235359910367,48h_Bio2,/Users/conrad/Desktop/Bioinformatics/FYP/lab_plan/qPCR/result/conrad_48_AIcpd_1_biodup2,,1.825958328610096,66.9820335784911,True
48h_Bio2,F12,ZIKV standard,ZIKV standard 10^-2,10^-2,48h,Bio2,Std dup 2,Columns 11-12 reserved for standards,32.4507104592612,48h_Bio2,/Users/conrad/Desktop/Bioinformatics/FYP/lab_plan/qPCR/result/conrad_48_AIcpd_1_biodup2,,2.3999713793903195,251.17209001586568,True
